{
  "rag_recall_at5": 0.6666666666666666,
  "rag_mrr": 0.6388888888888891,
  "evaluated_at": "2026-06-23T10:55:02.105280Z"
}
