{
  "rag_recall_at5": 0.7333333333333333,
  "rag_mrr": 0.6348611111111111,
  "evaluated_at": "2026-06-23T10:54:36.804451Z"
}
