{
  "rag_recall_at5": 0.25,
  "rag_mrr": 0.1626388888888889,
  "evaluated_at": "2026-06-23T10:04:32.729583Z"
}
